id;Gemeente;Screening;Percentage;
177;Raalte;Borstkanker 2022-2024;81,7;
1667;Reusel-De Mierden;Borstkanker 2022-2024;81,3;
755;Boekel;Borstkanker 2022-2024;81,1;
823;Oirschot;Borstkanker 2022-2024;80,7;
183;Tubbergen;Borstkanker 2022-2024;80,6;
1903;Eijsden-Margraten;Borstkanker 2022-2024;80,3;
1586;Oost Gelre;Borstkanker 2022-2024;80,3;
770;Eersel;Borstkanker 2022-2024;80,1;
177;Raalte;Darmkanker 2024;80;
845;Sint-Michielsgestel;Borstkanker 2022-2024;80;
189;Wierden;Borstkanker 2022-2024;80;
523;Hardinxveld-Giessendam;Borstkanker 2022-2024;79,9;
432;Opmeer;Darmkanker 2024;79,8;
762;Deurne;Borstkanker 2022-2024;79,5;
1721;Bernheze;Darmkanker 2024;79,4;
1728;Bladel;Borstkanker 2022-2024;79,2;
1667;Reusel-De Mierden;Darmkanker 2024;79,2;
277;Rozendaal;Borstkanker 2022-2024;79,1;
1724;Bergeijk;Borstkanker 2022-2024;79;
1774;Dinkelland;Borstkanker 2022-2024;79;
946;Nederweert;Borstkanker 2022-2024;79;
1894;Peel en Maas;Borstkanker 2022-2024;79;
668;West Maas en Waal;Darmkanker 2024;79;
1652;Gemert-Bakel;Borstkanker 2022-2024;78,8;
163;Hellendoorn;Borstkanker 2022-2024;78,8;
183;Tubbergen;Darmkanker 2024;78,8;
148;Dalfsen;Darmkanker 2024;78,7;
798;Hilvarenbeek;Borstkanker 2022-2024;78,7;
1705;Lingewaard;Darmkanker 2024;78,7;
1705;Lingewaard;Borstkanker 2022-2024;78,7;
762;Deurne;Darmkanker 2024;78,6;
1723;Alphen-Chaam;Borstkanker 2022-2024;78,5;
1884;Kaag en Braassem;Borstkanker 2022-2024;78,5;
1931;Krimpenerwaard;Borstkanker 2022-2024;78,4;
858;Valkenswaard;Borstkanker 2022-2024;78,4;
743;Asten;Borstkanker 2022-2024;78,3;
755;Boekel;Darmkanker 2024;78,2;
1842;Midden-Delfland;Borstkanker 2022-2024;78,2;
668;West Maas en Waal;Borstkanker 2022-2024;78,2;
893;Bergen (L);Borstkanker 2022-2024;78,1;
823;Oirschot;Darmkanker 2024;78,1;
1742;Rijssen-Holten;Borstkanker 2022-2024;78,1;
148;Dalfsen;Borstkanker 2022-2024;78;
798;Hilvarenbeek;Darmkanker 2024;78;
1507;Horst aan de Maas;Darmkanker 2024;78;
1982;Land van Cuijk;Borstkanker 2022-2024;78;
938;Meerssen;Borstkanker 2022-2024;78;
1586;Oost Gelre;Darmkanker 2024;78;
273;Putten;Borstkanker 2022-2024;78;
845;Sint-Michielsgestel;Darmkanker 2024;78;
847;Someren;Borstkanker 2022-2024;78;
1690;De Wolden;Borstkanker 2022-2024;77,9;
785;Goirle;Darmkanker 2024;77,9;
1948;Meierijstad;Borstkanker 2022-2024;77,9;
820;Nuenen, Gerwen en Nederwetten;Darmkanker 2024;77,9;
285;Voorst;Borstkanker 2022-2024;77,9;
1724;Bergeijk;Darmkanker 2024;77,8;
225;Druten;Borstkanker 2022-2024;77,8;
848;Son en Breugel;Borstkanker 2022-2024;77,8;
209;Beuningen;Darmkanker 2024;77,7;
1876;Bronckhorst;Borstkanker 2022-2024;77,7;
1982;Land van Cuijk;Darmkanker 2024;77,7;
262;Lochem;Borstkanker 2022-2024;77,7;
1509;Oude IJsselstreek;Borstkanker 2022-2024;77,7;
1652;Gemert-Bakel;Darmkanker 2024;77,6;
1659;Laarbeek;Borstkanker 2022-2024;77,6;
809;Loon op Zand;Borstkanker 2022-2024;77,6;
1896;Zwartewaterland;Borstkanker 2022-2024;77,6;
889;Beesel;Borstkanker 2022-2024;77,5;
1859;Berkelland;Borstkanker 2022-2024;77,5;
638;Zoeterwoude;Borstkanker 2022-2024;77,5;
820;Nuenen, Gerwen en Nederwetten;Borstkanker 2022-2024;77,4;
589;Oudewater;Borstkanker 2022-2024;77,4;
88;Schiermonnikoog;Borstkanker 2022-2024;77,4;
1719;Drimmelen;Borstkanker 2022-2024;77,3;
1894;Peel en Maas;Darmkanker 2024;77,3;
352;Wijk bij Duurstede;Borstkanker 2022-2024;77,3;
1680;Aa en Hunze;Borstkanker 2022-2024;77,2;
296;Wijchen;Darmkanker 2024;77,2;
766;Dongen;Borstkanker 2022-2024;77,1;
160;Hardenberg;Borstkanker 2022-2024;77,1;
1735;Hof van Twente;Borstkanker 2022-2024;77,1;
175;Ommen;Darmkanker 2024;77,1;
1734;Overbetuwe;Borstkanker 2022-2024;77,1;
1706;Cranendonck;Borstkanker 2022-2024;77;
226;Duiven;Borstkanker 2022-2024;77;
743;Asten;Darmkanker 2024;76,9;
1903;Eijsden-Margraten;Darmkanker 2024;76,9;
1507;Horst aan de Maas;Borstkanker 2022-2024;76,9;
1991;Maashorst;Borstkanker 2022-2024;76,9;
1884;Kaag en Braassem;Darmkanker 2024;76,8;
327;Leusden;Borstkanker 2022-2024;76,8;
1525;Teylingen;Borstkanker 2022-2024;76,8;
770;Eersel;Darmkanker 2024;76,7;
779;Geertruidenberg;Borstkanker 2022-2024;76,7;
158;Haaksbergen;Borstkanker 2022-2024;76,7;
678;Kapelle;Borstkanker 2022-2024;76,7;
1978;Molenlanden;Borstkanker 2022-2024;76,7;
335;Montfoort;Borstkanker 2022-2024;76,7;
569;Nieuwkoop;Darmkanker 2024;76,7;
1730;Tynaarlo;Borstkanker 2022-2024;76,7;
847;Someren;Darmkanker 2024;76,6;
866;Waalre;Borstkanker 2022-2024;76,6;
163;Hellendoorn;Darmkanker 2024;76,5;
1640;Leudal;Borstkanker 2022-2024;76,5;
1699;Noordenveld;Borstkanker 2022-2024;76,5;
173;Oldenzaal;Borstkanker 2022-2024;76,5;
1721;Bernheze;Borstkanker 2022-2024;76,4;
313;Bunschoten;Borstkanker 2022-2024;76,4;
766;Dongen;Darmkanker 2024;76,4;
498;Drechterland;Darmkanker 2024;76,4;
1658;Heeze-Leende;Darmkanker 2024;76,4;
946;Nederweert;Darmkanker 2024;76,4;
1773;Olst-Wijhe;Borstkanker 2022-2024;76,4;
175;Ommen;Borstkanker 2022-2024;76,4;
399;Heiloo;Borstkanker 2022-2024;76,3;
1773;Olst-Wijhe;Darmkanker 2024;76,3;
1509;Oude IJsselstreek;Darmkanker 2024;76,3;
840;Rucphen;Borstkanker 2022-2024;76,3;
285;Voorst;Darmkanker 2024;76,3;
638;Zoeterwoude;Darmkanker 2024;76,3;
1690;De Wolden;Darmkanker 2024;76,2;
160;Hardenberg;Darmkanker 2024;76,2;
244;Hattem;Borstkanker 2022-2024;76,1;
1742;Rijssen-Holten;Darmkanker 2024;76,1;
1896;Zwartewaterland;Darmkanker 2024;76,1;
785;Goirle;Borstkanker 2022-2024;76;
168;Losser;Borstkanker 2022-2024;76;
1948;Meierijstad;Darmkanker 2024;76;
1945;Berg en Dal;Borstkanker 2022-2024;75,9;
797;Heusden;Darmkanker 2024;75,9;
1659;Laarbeek;Darmkanker 2024;75,9;
944;Mook en Middelaar;Darmkanker 2024;75,9;
1734;Overbetuwe;Darmkanker 2024;75,9;
865;Vught;Borstkanker 2022-2024;75,9;
893;Bergen (L);Darmkanker 2024;75,8;
736;De Ronde Venen;Borstkanker 2022-2024;75,8;
1774;Dinkelland;Darmkanker 2024;75,8;
797;Heusden;Borstkanker 2022-2024;75,8;
1991;Maashorst;Darmkanker 2024;75,8;
267;Nijkerk;Borstkanker 2022-2024;75,8;
450;Uitgeest;Borstkanker 2022-2024;75,8;
1728;Bladel;Darmkanker 2024;75,7;
230;Elburg;Darmkanker 2024;75,7;
1658;Heeze-Leende;Borstkanker 2022-2024;75,7;
277;Rozendaal;Darmkanker 2024;75,7;
197;Aalten;Borstkanker 2022-2024;75,6;
888;Beek;Borstkanker 2022-2024;75,6;
757;Boxtel;Borstkanker 2022-2024;75,6;
226;Duiven;Darmkanker 2024;75,6;
385;Edam-Volendam;Darmkanker 2024;75,6;
589;Oudewater;Darmkanker 2024;75,6;
1700;Twenterand;Borstkanker 2022-2024;75,6;
299;Zevenaar;Borstkanker 2022-2024;75,6;
753;Best;Darmkanker 2024;75,5;
252;Heumen;Darmkanker 2024;75,5;
1731;Midden-Drenthe;Borstkanker 2022-2024;75,5;
840;Rucphen;Darmkanker 2024;75,5;
737;Tytsjerksteradiel;Borstkanker 2022-2024;75,5;
986;Voerendaal;Borstkanker 2022-2024;75,5;
866;Waalre;Darmkanker 2024;75,5;
60;Ameland;Borstkanker 2022-2024;75,4;
109;Coevorden;Borstkanker 2022-2024;75,4;
1719;Drimmelen;Darmkanker 2024;75,4;
1842;Midden-Delfland;Darmkanker 2024;75,4;
824;Oisterwijk;Borstkanker 2022-2024;75,4;
1926;Pijnacker-Nootdorp;Borstkanker 2022-2024;75,4;
848;Son en Breugel;Darmkanker 2024;75,4;
984;Venray;Borstkanker 2022-2024;75,4;
879;Zundert;Borstkanker 2022-2024;75,4;
383;Castricum;Borstkanker 2022-2024;75,3;
385;Edam-Volendam;Borstkanker 2022-2024;75,3;
907;Gennep;Borstkanker 2022-2024;75,3;
1963;Hoeksche Waard;Borstkanker 2022-2024;75,3;
1955;Montferland;Borstkanker 2022-2024;75,3;
441;Schagen;Borstkanker 2022-2024;75,3;
852;Waterland;Borstkanker 2022-2024;75,3;
189;Wierden;Darmkanker 2024;75,3;
1940;De Fryske Marren;Borstkanker 2022-2024;75,2;
331;Lopik;Borstkanker 2022-2024;75,2;
1901;Bodegraven-Reeuwijk;Darmkanker 2024;75,1;
147;Borne;Borstkanker 2022-2024;75,1;
225;Druten;Darmkanker 2024;75,1;
166;Kampen;Borstkanker 2022-2024;75,1;
1640;Leudal;Darmkanker 2024;75,1;
553;Lisse;Borstkanker 2022-2024;75,1;
262;Lochem;Darmkanker 2024;75,1;
119;Meppel;Borstkanker 2022-2024;75,1;
579;Oegstgeest;Borstkanker 2022-2024;75,1;
824;Oisterwijk;Darmkanker 2024;75,1;
1969;Westerkwartier;Borstkanker 2022-2024;75,1;
296;Wijchen;Borstkanker 2022-2024;75,1;
222;Doetinchem;Borstkanker 2022-2024;75;
626;Voorschoten;Borstkanker 2022-2024;75;
1959;Altena;Borstkanker 2022-2024;74,9;
1876;Bronckhorst;Darmkanker 2024;74,9;
246;Heerde;Borstkanker 2022-2024;74,9;
1598;Koggenland;Darmkanker 2024;74,9;
1783;Westland;Borstkanker 2022-2024;74,9;
879;Zundert;Darmkanker 2024;74,9;
482;Alblasserdam;Borstkanker 2022-2024;74,8;
753;Best;Borstkanker 2022-2024;74,8;
1729;Gulpen-Wittem;Borstkanker 2022-2024;74,8;
302;Nunspeet;Borstkanker 2022-2024;74,8;
432;Opmeer;Borstkanker 2022-2024;74,8;
784;Gilze en Rijen;Borstkanker 2022-2024;74,7;
244;Hattem;Darmkanker 2024;74,7;
321;Houten;Darmkanker 2024;74,7;
1955;Montferland;Darmkanker 2024;74,7;
944;Mook en Middelaar;Borstkanker 2022-2024;74,7;
431;Oostzaan;Borstkanker 2022-2024;74,7;
861;Veldhoven;Borstkanker 2022-2024;74,7;
293;Westervoort;Borstkanker 2022-2024;74,7;
297;Zaltbommel;Borstkanker 2022-2024;74,7;
1723;Alphen-Chaam;Darmkanker 2024;74,6;
1901;Bodegraven-Reeuwijk;Borstkanker 2022-2024;74,6;
1966;Het Hogeland;Borstkanker 2022-2024;74,6;
537;Katwijk;Borstkanker 2022-2024;74,6;
335;Montfoort;Darmkanker 2024;74,6;
269;Oldebroek;Borstkanker 2022-2024;74,6;
852;Waterland;Darmkanker 2024;74,6;
299;Zevenaar;Darmkanker 2024;74,6;
197;Aalten;Darmkanker 2024;74,5;
498;Drechterland;Borstkanker 2022-2024;74,5;
415;Landsmeer;Darmkanker 2024;74,5;
327;Leusden;Darmkanker 2024;74,5;
1641;Maasgouw;Darmkanker 2024;74,5;
971;Stein;Borstkanker 2022-2024;74,5;
1525;Teylingen;Darmkanker 2024;74,5;
450;Uitgeest;Darmkanker 2024;74,5;
717;Veere;Darmkanker 2024;74,5;
986;Voerendaal;Darmkanker 2024;74,5;
209;Beuningen;Borstkanker 2022-2024;74,4;
1655;Halderberge;Darmkanker 2024;74,4;
1655;Halderberge;Borstkanker 2022-2024;74,4;
252;Heumen;Borstkanker 2022-2024;74,4;
1911;Hollands Kroon;Borstkanker 2022-2024;74,4;
809;Loon op Zand;Darmkanker 2024;74,4;
1669;Roerdalen;Borstkanker 2022-2024;74,4;
293;Westervoort;Darmkanker 2024;74,4;
147;Borne;Darmkanker 2024;74,3;
399;Heiloo;Darmkanker 2024;74,3;
1621;Lansingerland;Borstkanker 2022-2024;74,3;
547;Leiderdorp;Borstkanker 2022-2024;74,3;
1709;Moerdijk;Borstkanker 2022-2024;74,3;
569;Nieuwkoop;Borstkanker 2022-2024;74,3;
98;Weststellingwerf;Borstkanker 2022-2024;74,3;
880;Wormerland;Borstkanker 2022-2024;74,3;
889;Beesel;Darmkanker 2024;74,2;
531;Hendrik-Ido-Ambacht;Borstkanker 2022-2024;74,2;
938;Meerssen;Darmkanker 2024;74,2;
431;Oostzaan;Darmkanker 2024;74,2;
448;Texel;Borstkanker 2022-2024;74,2;
865;Vught;Darmkanker 2024;74,2;
1892;Zuidplas;Borstkanker 2022-2024;74,2;
1598;Koggenland;Borstkanker 2022-2024;74,1;
1730;Tynaarlo;Darmkanker 2024;74,1;
383;Castricum;Darmkanker 2024;74;
1711;Echt-Susteren;Borstkanker 2022-2024;74;
1979;Eemsdelta;Borstkanker 2022-2024;74;
1931;Krimpenerwaard;Darmkanker 2024;74;
627;Waddinxveen;Borstkanker 2022-2024;74;
158;Haaksbergen;Darmkanker 2024;73,9;
858;Valkenswaard;Darmkanker 2024;73,9;
717;Veere;Borstkanker 2022-2024;73,9;
861;Veldhoven;Darmkanker 2024;73,9;
1701;Westerveld;Borstkanker 2022-2024;73,9;
632;Woerden;Borstkanker 2022-2024;73,9;
312;Bunnik;Darmkanker 2024;73,8;
313;Bunschoten;Darmkanker 2024;73,8;
321;Houten;Borstkanker 2022-2024;73,8;
553;Lisse;Darmkanker 2024;73,8;
93;Terschelling;Darmkanker 2024;73,8;
1960;West Betuwe;Borstkanker 2022-2024;73,8;
352;Wijk bij Duurstede;Darmkanker 2024;73,8;
907;Gennep;Darmkanker 2024;73,7;
1729;Gulpen-Wittem;Darmkanker 2024;73,7;
302;Nunspeet;Darmkanker 2024;73,7;
828;Oss;Borstkanker 2022-2024;73,7;
339;Renswoude;Borstkanker 2022-2024;73,7;
1681;Borger-Odoorn;Borstkanker 2022-2024;73,6;
109;Coevorden;Darmkanker 2024;73,6;
420;Medemblik;Borstkanker 2022-2024;73,6;
851;Steenbergen;Borstkanker 2022-2024;73,6;
93;Terschelling;Borstkanker 2022-2024;73,6;
1945;Berg en Dal;Darmkanker 2024;73,5;
214;Buren;Borstkanker 2022-2024;73,5;
168;Losser;Darmkanker 2024;73,5;
1961;Vijfheerenlanden;Borstkanker 2022-2024;73,5;
232;Epe;Borstkanker 2022-2024;73,4;
263;Maasdriel;Borstkanker 2022-2024;73,4;
420;Medemblik;Darmkanker 2024;73,4;
1699;Noordenveld;Darmkanker 2024;73,4;
590;Papendrecht;Borstkanker 2022-2024;73,4;
1859;Berkelland;Darmkanker 2024;73,3;
377;Bloemendaal;Borstkanker 2022-2024;73,3;
678;Kapelle;Darmkanker 2024;73,3;
267;Nijkerk;Darmkanker 2024;73,3;
86;Opsterland;Borstkanker 2022-2024;73,3;
273;Putten;Darmkanker 2024;73,3;
213;Brummen;Darmkanker 2024;73,2;
213;Brummen;Borstkanker 2022-2024;73,2;
312;Bunnik;Borstkanker 2022-2024;73,2;
1924;Goeree-Overflakkee;Borstkanker 2022-2024;73,2;
542;Krimpen aan den IJssel;Borstkanker 2022-2024;73,2;
532;Stede Broec;Darmkanker 2024;73,2;
1700;Twenterand;Darmkanker 2024;73,2;
294;Winterswijk;Borstkanker 2022-2024;73,2;
1680;Aa en Hunze;Darmkanker 2024;73,1;
243;Harderwijk;Borstkanker 2022-2024;73,1;
118;Hoogeveen;Borstkanker 2022-2024;73,1;
1621;Lansingerland;Darmkanker 2024;73,1;
826;Oosterhout;Darmkanker 2024;73,1;
1926;Pijnacker-Nootdorp;Darmkanker 2024;73,1;
532;Stede Broec;Borstkanker 2022-2024;73,1;
984;Venray;Darmkanker 2024;73,1;
988;Weert;Darmkanker 2024;73,1;
222;Doetinchem;Darmkanker 2024;73;
230;Elburg;Borstkanker 2022-2024;73;
873;Woensdrecht;Borstkanker 2022-2024;73;
1641;Maasgouw;Borstkanker 2022-2024;72,9;
1708;Steenwijkerland;Borstkanker 2022-2024;72,9;
1900;SÃºdwest-FryslÃ¢n;Darmkanker 2024;72,9;
988;Weert;Borstkanker 2022-2024;72,9;
358;Aalsmeer;Borstkanker 2022-2024;72,8;
654;Borsele;Darmkanker 2024;72,8;
1891;Dantumadiel;Borstkanker 2022-2024;72,8;
317;Eemnes;Darmkanker 2024;72,8;
777;Etten-Leur;Darmkanker 2024;72,8;
779;Geertruidenberg;Darmkanker 2024;72,8;
246;Heerde;Darmkanker 2024;72,8;
1963;Hoeksche Waard;Darmkanker 2024;72,8;
342;Soest;Borstkanker 2022-2024;72,8;
1900;SÃºdwest-FryslÃ¢n;Borstkanker 2022-2024;72,8;
626;Voorschoten;Darmkanker 2024;72,8;
1959;Altena;Darmkanker 2024;72,7;
744;Baarle-Nassau;Borstkanker 2022-2024;72,7;
757;Boxtel;Darmkanker 2024;72,7;
221;Doesburg;Borstkanker 2022-2024;72,7;
114;Emmen;Borstkanker 2022-2024;72,7;
777;Etten-Leur;Borstkanker 2022-2024;72,7;
74;Heerenveen;Borstkanker 2022-2024;72,7;
263;Maasdriel;Darmkanker 2024;72,7;
1978;Molenlanden;Darmkanker 2024;72,7;
441;Schagen;Darmkanker 2024;72,7;
1949;Waadhoeke;Borstkanker 2022-2024;72,7;
351;Woudenberg;Borstkanker 2022-2024;72,7;
203;Barneveld;Borstkanker 2022-2024;72,6;
1771;Geldrop-Mierlo;Darmkanker 2024;72,6;
1771;Geldrop-Mierlo;Borstkanker 2022-2024;72,6;
397;Heemstede;Borstkanker 2022-2024;72,6;
415;Landsmeer;Borstkanker 2022-2024;72,6;
1740;Neder-Betuwe;Borstkanker 2022-2024;72,6;
828;Oss;Darmkanker 2024;72,6;
1992;Voorne aan Zee;Borstkanker 2022-2024;72,6;
880;Wormerland;Darmkanker 2024;72,6;
484;Alphen aan den Rijn;Borstkanker 2022-2024;72,5;
888;Beek;Darmkanker 2024;72,5;
1954;Beekdaelen;Darmkanker 2024;72,5;
1954;Beekdaelen;Borstkanker 2022-2024;72,5;
534;Hillegom;Borstkanker 2022-2024;72,5;
579;Oegstgeest;Darmkanker 2024;72,5;
269;Oldebroek;Darmkanker 2024;72,5;
279;Scherpenzeel;Borstkanker 2022-2024;72,5;
1708;Steenwijkerland;Darmkanker 2024;72,5;
1706;Cranendonck;Darmkanker 2024;72,4;
575;Noordwijk;Borstkanker 2022-2024;72,4;
1783;Westland;Darmkanker 2024;72,4;
873;Woensdrecht;Darmkanker 2024;72,4;
59;Achtkarspelen;Borstkanker 2022-2024;72,3;
1980;Dijk en Waard;Borstkanker 2022-2024;72,3;
1676;Schouwen-Duiveland;Borstkanker 2022-2024;72,3;
294;Winterswijk;Darmkanker 2024;72,3;
1892;Zuidplas;Darmkanker 2024;72,3;
60;Ameland;Darmkanker 2024;72,2;
308;Baarn;Borstkanker 2022-2024;72,2;
216;Culemborg;Borstkanker 2022-2024;72,2;
1940;De Fryske Marren;Darmkanker 2024;72,2;
233;Ermelo;Borstkanker 2022-2024;72,2;
547;Leiderdorp;Darmkanker 2024;72,2;
339;Renswoude;Darmkanker 2024;72,2;
180;Staphorst;Borstkanker 2022-2024;72,2;
994;Valkenburg aan de Geul;Borstkanker 2022-2024;72,2;
867;Waalwijk;Borstkanker 2022-2024;72,2;
632;Woerden;Darmkanker 2024;72,2;
214;Buren;Darmkanker 2024;72,1;
150;Deventer;Borstkanker 2022-2024;72,1;
971;Stein;Darmkanker 2024;72,1;
627;Waddinxveen;Darmkanker 2024;72,1;
613;Albrandswaard;Darmkanker 2024;71,9;
654;Borsele;Borstkanker 2022-2024;71,9;
534;Hillegom;Darmkanker 2024;71,9;
1911;Hollands Kroon;Darmkanker 2024;71,9;
37;Stadskanaal;Borstkanker 2022-2024;71,9;
451;Uithoorn;Borstkanker 2022-2024;71,9;
303;Dronten;Borstkanker 2022-2024;71,8;
664;Goes;Darmkanker 2024;71,8;
664;Goes;Borstkanker 2022-2024;71,8;
396;Heemskerk;Borstkanker 2022-2024;71,8;
397;Heemstede;Darmkanker 2024;71,8;
1735;Hof van Twente;Darmkanker 2024;71,8;
851;Steenbergen;Darmkanker 2024;71,8;
289;Wageningen;Darmkanker 2024;71,8;
377;Bloemendaal;Darmkanker 2024;71,7;
1711;Echt-Susteren;Darmkanker 2024;71,7;
523;Hardinxveld-Giessendam;Darmkanker 2024;71,7;
1709;Moerdijk;Darmkanker 2024;71,7;
448;Texel;Darmkanker 2024;71,7;
1696;Wijdemeren;Borstkanker 2022-2024;71,7;
484;Alphen aan den Rijn;Darmkanker 2024;71,6;
373;Bergen (NH);Borstkanker 2022-2024;71,6;
537;Katwijk;Darmkanker 2024;71,6;
331;Lopik;Darmkanker 2024;71,6;
556;Maassluis;Borstkanker 2022-2024;71,6;
575;Noordwijk;Darmkanker 2024;71,6;
983;Venlo;Borstkanker 2022-2024;71,6;
867;Waalwijk;Darmkanker 2024;71,6;
1969;Westerkwartier;Darmkanker 2024;71,6;
489;Barendrecht;Borstkanker 2022-2024;71,5;
1980;Dijk en Waard;Darmkanker 2024;71,5;
232;Epe;Darmkanker 2024;71,5;
784;Gilze en Rijen;Darmkanker 2024;71,5;
173;Oldenzaal;Darmkanker 2024;71,5;
275;Rheden;Borstkanker 2022-2024;71,5;
1674;Roosendaal;Darmkanker 2024;71,5;
1904;Stichtse Vecht;Borstkanker 2022-2024;71,5;
453;Velsen;Borstkanker 2022-2024;71,5;
221;Doesburg;Darmkanker 2024;71,4;
228;Ede;Darmkanker 2024;71,4;
1924;Goeree-Overflakkee;Darmkanker 2024;71,4;
80;Leeuwarden;Borstkanker 2022-2024;71,4;
279;Scherpenzeel;Darmkanker 2024;71,4;
193;Zwolle;Borstkanker 2022-2024;71,4;
200;Apeldoorn;Borstkanker 2022-2024;71,3;
203;Barneveld;Darmkanker 2024;71,3;
228;Ede;Borstkanker 2022-2024;71,3;
85;Ooststellingwerf;Borstkanker 2022-2024;71,3;
437;Ouder-Amstel;Borstkanker 2022-2024;71,3;
274;Renkum;Borstkanker 2022-2024;71,3;
1674;Roosendaal;Borstkanker 2022-2024;71,3;
796;s-Hertogenbosch;Borstkanker 2022-2024;71,3;
716;Tholen;Borstkanker 2022-2024;71,3;
47;Veendam;Borstkanker 2022-2024;71,3;
351;Woudenberg;Darmkanker 2024;71,3;
50;Zeewolde;Borstkanker 2022-2024;71,3;
317;Eemnes;Borstkanker 2022-2024;71,2;
243;Harderwijk;Darmkanker 2024;71,2;
406;Huizen;Borstkanker 2022-2024;71,2;
1949;Waadhoeke;Darmkanker 2024;71,2;
216;Culemborg;Darmkanker 2024;71,1;
72;Harlingen;Borstkanker 2022-2024;71,1;
86;Opsterland;Darmkanker 2024;71,1;
1669;Roerdalen;Darmkanker 2024;71,1;
1701;Westerveld;Darmkanker 2024;71,1;
388;Enkhuizen;Darmkanker 2024;71;
394;Haarlemmermeer;Borstkanker 2022-2024;71;
758;Breda;Borstkanker 2022-2024;70,9;
736;De Ronde Venen;Darmkanker 2024;70,9;
531;Hendrik-Ido-Ambacht;Darmkanker 2024;70,9;
796;s-Hertogenbosch;Darmkanker 2024;70,9;
642;Zwijndrecht;Borstkanker 2022-2024;70,9;
1681;Borger-Odoorn;Darmkanker 2024;70,8;
90;Smallingerland;Borstkanker 2022-2024;70,8;
983;Venlo;Darmkanker 2024;70,8;
1960;West Betuwe;Darmkanker 2024;70,8;
297;Zaltbommel;Darmkanker 2024;70,8;
106;Assen;Borstkanker 2022-2024;70,7;
119;Meppel;Darmkanker 2024;70,7;
610;Sliedrecht;Borstkanker 2022-2024;70,7;
489;Barendrecht;Darmkanker 2024;70,6;
166;Kampen;Darmkanker 2024;70,6;
437;Ouder-Amstel;Darmkanker 2024;70,6;
439;Purmerend;Borstkanker 2022-2024;70,6;
1696;Wijdemeren;Darmkanker 2024;70,6;
748;Bergen op Zoom;Borstkanker 2022-2024;70,5;
150;Deventer;Darmkanker 2024;70,5;
1966;Het Hogeland;Darmkanker 2024;70,5;
396;Heemskerk;Darmkanker 2024;70,4;
687;Middelburg;Darmkanker 2024;70,4;
687;Middelburg;Borstkanker 2022-2024;70,4;
1731;Midden-Drenthe;Darmkanker 2024;70,4;
1970;Noardeast-FryslÃ¢n;Borstkanker 2022-2024;70,4;
826;Oosterhout;Borstkanker 2022-2024;70,4;
965;Simpelveld;Darmkanker 2024;70,4;
450;Uitgeest;Baarmoederhalskanker 2024;70,4;
340;Rhenen;Darmkanker 2024;70,3;
1676;Schouwen-Duiveland;Darmkanker 2024;70,3;
303;Dronten;Darmkanker 2024;70,2;
353;IJsselstein;Borstkanker 2022-2024;70,2;
716;Tholen;Darmkanker 2024;70,2;
50;Zeewolde;Darmkanker 2024;70,2;
373;Bergen (NH);Darmkanker 2024;70,1;
164;Hengelo (O);Darmkanker 2024;70,1;
274;Renkum;Darmkanker 2024;70,1;
1883;Sittard-Geleen;Darmkanker 2024;70,1;
289;Wageningen;Borstkanker 2022-2024;70,1;
1723;Alphen-Chaam;Baarmoederhalskanker 2024;70;
1942;Gooise Meren;Borstkanker 2022-2024;70;
703;Reimerswaal;Darmkanker 2024;70;
1883;Sittard-Geleen;Borstkanker 2022-2024;70;
1581;Utrechtse Heuvelrug;Borstkanker 2022-2024;70;
994;Valkenburg aan de Geul;Darmkanker 2024;70;
301;Zutphen;Darmkanker 2024;70;
744;Baarle-Nassau;Darmkanker 2024;69,9;
1891;Dantumadiel;Darmkanker 2024;69,9;
703;Reimerswaal;Borstkanker 2022-2024;69,9;
1895;Oldambt;Borstkanker 2022-2024;69,8;
96;Vlieland;Borstkanker 2022-2024;69,8;
193;Zwolle;Darmkanker 2024;69,8;
613;Albrandswaard;Borstkanker 2022-2024;69,7;
361;Alkmaar;Borstkanker 2022-2024;69,7;
72;Harlingen;Darmkanker 2024;69,7;
353;IJsselstein;Darmkanker 2024;69,7;
957;Roermond;Borstkanker 2022-2024;69,7;
1992;Voorne aan Zee;Darmkanker 2024;69,7;
233;Ermelo;Darmkanker 2024;69,6;
542;Krimpen aan den IJssel;Darmkanker 2024;69,6;
417;Laren;Borstkanker 2022-2024;69,6;
177;Raalte;Baarmoederhalskanker 2024;69,6;
965;Simpelveld;Borstkanker 2022-2024;69,6;
629;Wassenaar;Darmkanker 2024;69,6;
59;Achtkarspelen;Darmkanker 2024;69,5;
200;Apeldoorn;Darmkanker 2024;69,5;
90;Smallingerland;Darmkanker 2024;69,5;
114;Emmen;Darmkanker 2024;69,4;
1695;Noord-Beveland;Borstkanker 2022-2024;69,4;
590;Papendrecht;Darmkanker 2024;69,4;
180;Staphorst;Darmkanker 2024;69,4;
1581;Utrechtse Heuvelrug;Darmkanker 2024;69,4;
345;Veenendaal;Borstkanker 2022-2024;69,4;
164;Hengelo (O);Borstkanker 2022-2024;69,3;
406;Huizen;Darmkanker 2024;69,3;
1961;Vijfheerenlanden;Darmkanker 2024;69,3;
388;Enkhuizen;Borstkanker 2022-2024;69,2;
74;Heerenveen;Darmkanker 2024;69,2;
1904;Stichtse Vecht;Darmkanker 2024;69,2;
96;Vlieland;Darmkanker 2024;69,2;
637;Zoetermeer;Borstkanker 2022-2024;69,2;
1942;Gooise Meren;Darmkanker 2024;69,1;
405;Hoorn;Borstkanker 2022-2024;69,1;
275;Rheden;Darmkanker 2024;69,1;
737;Tytsjerksteradiel;Darmkanker 2024;69,1;
301;Zutphen;Borstkanker 2022-2024;69,1;
310;De Bilt;Borstkanker 2022-2024;69;
118;Hoogeveen;Darmkanker 2024;69;
597;Ridderkerk;Borstkanker 2022-2024;69;
794;Helmond;Borstkanker 2022-2024;68,9;
1952;Midden-Groningen;Borstkanker 2022-2024;68,9;
589;Oudewater;Baarmoederhalskanker 2024;68,9;
1950;Westerwolde;Borstkanker 2022-2024;68,9;
98;Weststellingwerf;Darmkanker 2024;68,9;
358;Aalsmeer;Darmkanker 2024;68,8;
748;Bergen op Zoom;Darmkanker 2024;68,8;
14;Groningen;Borstkanker 2022-2024;68,8;
1740;Neder-Betuwe;Darmkanker 2024;68,8;
823;Oirschot;Baarmoederhalskanker 2024;68,8;
85;Ooststellingwerf;Darmkanker 2024;68,8;
340;Rhenen;Borstkanker 2022-2024;68,8;
342;Soest;Darmkanker 2024;68,8;
1979;Eemsdelta;Darmkanker 2024;68,7;
513;Gouda;Borstkanker 2022-2024;68,7;
765;Pekela;Borstkanker 2022-2024;68,7;
677;Hulst;Darmkanker 2024;68,6;
376;Blaricum;Darmkanker 2024;68,5;
758;Breda;Darmkanker 2024;68,5;
417;Laren;Darmkanker 2024;68,5;
935;Maastricht;Borstkanker 2022-2024;68,5;
375;Beverwijk;Borstkanker 2022-2024;68,4;
405;Hoorn;Darmkanker 2024;68,4;
171;Noordoostpolder;Borstkanker 2022-2024;68,4;
141;Almelo;Borstkanker 2022-2024;68,3;
163;Hellendoorn;Baarmoederhalskanker 2024;68,3;
1930;Nissewaard;Borstkanker 2022-2024;68,3;
1667;Reusel-De Mierden;Baarmoederhalskanker 2024;68,3;
345;Veenendaal;Darmkanker 2024;68,3;
798;Hilvarenbeek;Baarmoederhalskanker 2024;68,2;
439;Purmerend;Darmkanker 2024;68,2;
281;Tiel;Borstkanker 2022-2024;68,2;
307;Amersfoort;Darmkanker 2024;68,1;
308;Baarn;Darmkanker 2024;68,1;
209;Beuningen;Baarmoederhalskanker 2024;68,1;
394;Haarlemmermeer;Darmkanker 2024;68,1;
307;Amersfoort;Borstkanker 2022-2024;68;
171;Noordoostpolder;Darmkanker 2024;68;
451;Uithoorn;Darmkanker 2024;68;
482;Alblasserdam;Darmkanker 2024;67,9;
310;De Bilt;Darmkanker 2024;67,9;
512;Gorinchem;Borstkanker 2022-2024;67,9;
1714;Sluis;Darmkanker 2024;67,9;
400;Den Helder;Borstkanker 2022-2024;67,8;
845;Sint-Michielsgestel;Baarmoederhalskanker 2024;67,8;
512;Gorinchem;Darmkanker 2024;67,7;
356;Nieuwegein;Borstkanker 2022-2024;67,7;
794;Helmond;Darmkanker 2024;67,6;
597;Ridderkerk;Darmkanker 2024;67,6;
629;Wassenaar;Borstkanker 2022-2024;67,6;
479;Zaanstad;Borstkanker 2022-2024;67,6;
106;Assen;Darmkanker 2024;67,5;
637;Zoetermeer;Darmkanker 2024;67,5;
546;Leiden;Borstkanker 2022-2024;67,4;
1970;Noardeast-FryslÃ¢n;Darmkanker 2024;67,4;
268;Nijmegen;Darmkanker 2024;67,3;
1695;Noord-Beveland;Darmkanker 2024;67,3;
899;Brunssum;Darmkanker 2024;67,2;
1658;Heeze-Leende;Baarmoederhalskanker 2024;67,2;
855;Tilburg;Borstkanker 2022-2024;67,2;
1916;Leidschendam-Voorburg;Darmkanker 2024;67,1;
356;Nieuwegein;Darmkanker 2024;67,1;
453;Velsen;Darmkanker 2024;67,1;
772;Eindhoven;Borstkanker 2022-2024;67;
785;Goirle;Baarmoederhalskanker 2024;67;
677;Hulst;Borstkanker 2022-2024;67;
361;Alkmaar;Darmkanker 2024;66,9;
376;Blaricum;Borstkanker 2022-2024;66,9;
153;Enschede;Borstkanker 2022-2024;66,9;
882;Landgraaf;Borstkanker 2022-2024;66,9;
556;Maassluis;Darmkanker 2024;66,9;
355;Zeist;Borstkanker 2022-2024;66,9;
1705;Lingewaard;Baarmoederhalskanker 2024;66,8;
715;Terneuzen;Darmkanker 2024;66,8;
285;Voorst;Baarmoederhalskanker 2024;66,8;
296;Wijchen;Baarmoederhalskanker 2024;66,8;
399;Heiloo;Baarmoederhalskanker 2024;66,7;
268;Nijmegen;Borstkanker 2022-2024;66,7;
1734;Overbetuwe;Baarmoederhalskanker 2024;66,6;
622;Vlaardingen;Borstkanker 2022-2024;66,6;
281;Tiel;Darmkanker 2024;66,5;
718;Vlissingen;Darmkanker 2024;66,5;
362;Amstelveen;Borstkanker 2022-2024;66,4;
1916;Leidschendam-Voorburg;Borstkanker 2022-2024;66,4;
603;Rijswijk;Borstkanker 2022-2024;66,4;
37;Stadskanaal;Darmkanker 2024;66,4;
141;Almelo;Darmkanker 2024;66,3;
513;Gouda;Darmkanker 2024;66,3;
392;Haarlem;Borstkanker 2022-2024;66,3;
1930;Nissewaard;Darmkanker 2024;66,3;
610;Sliedrecht;Darmkanker 2024;66,3;
312;Bunnik;Baarmoederhalskanker 2024;66,2;
80;Leeuwarden;Darmkanker 2024;66,2;
1730;Tynaarlo;Baarmoederhalskanker 2024;66,2;
362;Amstelveen;Darmkanker 2024;66,1;
882;Landgraaf;Darmkanker 2024;66,1;
335;Montfoort;Baarmoederhalskanker 2024;66,1;
638;Zoeterwoude;Baarmoederhalskanker 2024;66,1;
400;Den Helder;Darmkanker 2024;66;
715;Terneuzen;Borstkanker 2022-2024;66;
855;Tilburg;Darmkanker 2024;66;
642;Zwijndrecht;Darmkanker 2024;65,9;
1952;Midden-Groningen;Darmkanker 2024;65,8;
755;Boekel;Baarmoederhalskanker 2024;65,7;
546;Leiden;Darmkanker 2024;65,7;
899;Brunssum;Borstkanker 2022-2024;65,5;
1903;Eijsden-Margraten;Baarmoederhalskanker 2024;65,5;
1742;Rijssen-Holten;Baarmoederhalskanker 2024;65,5;
1876;Bronckhorst;Baarmoederhalskanker 2024;65,4;
1690;De Wolden;Baarmoederhalskanker 2024;65,4;
14;Groningen;Darmkanker 2024;65,4;
1773;Olst-Wijhe;Baarmoederhalskanker 2024;65,4;
957;Roermond;Darmkanker 2024;65,4;
503;Delft;Borstkanker 2022-2024;65,3;
293;Westervoort;Baarmoederhalskanker 2024;65,3;
34;Almere;Borstkanker 2022-2024;65,2;
202;Arnhem;Borstkanker 2022-2024;65,2;
770;Eersel;Baarmoederhalskanker 2024;65,1;
1525;Teylingen;Baarmoederhalskanker 2024;65,1;
473;Zandvoort;Borstkanker 2022-2024;65,1;
355;Zeist;Darmkanker 2024;65,1;
503;Delft;Darmkanker 2024;65;
384;Diemen;Borstkanker 2022-2024;65;
153;Enschede;Darmkanker 2024;65;
718;Vlissingen;Borstkanker 2022-2024;65;
202;Arnhem;Darmkanker 2024;64,9;
1774;Dinkelland;Baarmoederhalskanker 2024;64,9;
935;Maastricht;Darmkanker 2024;64,9;
1842;Midden-Delfland;Baarmoederhalskanker 2024;64,9;
47;Veendam;Darmkanker 2024;64,9;
505;Dordrecht;Borstkanker 2022-2024;64,8;
88;Schiermonnikoog;Darmkanker 2024;64,8;
502;Capelle aan den IJssel;Darmkanker 2024;64,6;
1509;Oude IJsselstreek;Baarmoederhalskanker 2024;64,6;
352;Wijk bij Duurstede;Baarmoederhalskanker 2024;64,6;
383;Castricum;Baarmoederhalskanker 2024;64,5;
772;Eindhoven;Darmkanker 2024;64,5;
820;Nuenen, Gerwen en Nederwetten;Baarmoederhalskanker 2024;64,5;
402;Hilversum;Borstkanker 2022-2024;64,4;
938;Meerssen;Baarmoederhalskanker 2024;64,4;
479;Zaanstad;Darmkanker 2024;64,4;
377;Bloemendaal;Baarmoederhalskanker 2024;64,3;
1895;Oldambt;Darmkanker 2024;64,3;
273;Putten;Baarmoederhalskanker 2024;64,3;
183;Tubbergen;Baarmoederhalskanker 2024;64,3;
375;Beverwijk;Darmkanker 2024;64,2;
1884;Kaag en Braassem;Baarmoederhalskanker 2024;64,2;
197;Aalten;Baarmoederhalskanker 2024;64,1;
965;Simpelveld;Baarmoederhalskanker 2024;64,1;
148;Dalfsen;Baarmoederhalskanker 2024;64;
505;Dordrecht;Darmkanker 2024;64;
252;Heumen;Baarmoederhalskanker 2024;64;
1659;Laarbeek;Baarmoederhalskanker 2024;64;
893;Bergen (L);Baarmoederhalskanker 2024;63,9;
1945;Berg en Dal;Baarmoederhalskanker 2024;63,8;
321;Houten;Baarmoederhalskanker 2024;63,8;
189;Wierden;Baarmoederhalskanker 2024;63,6;
1729;Gulpen-Wittem;Baarmoederhalskanker 2024;63,5;
402;Hilversum;Darmkanker 2024;63,5;
1699;Noordenveld;Baarmoederhalskanker 2024;63,5;
847;Someren;Baarmoederhalskanker 2024;63,5;
668;West Maas en Waal;Baarmoederhalskanker 2024;63,5;
1735;Hof van Twente;Baarmoederhalskanker 2024;63,4;
262;Lochem;Baarmoederhalskanker 2024;63,4;
279;Scherpenzeel;Baarmoederhalskanker 2024;63,3;
1982;Land van Cuijk;Baarmoederhalskanker 2024;63,2;
944;Mook en Middelaar;Baarmoederhalskanker 2024;63,2;
147;Borne;Baarmoederhalskanker 2024;63,1;
385;Edam-Volendam;Baarmoederhalskanker 2024;63,1;
971;Stein;Baarmoederhalskanker 2024;63,1;
1728;Bladel;Baarmoederhalskanker 2024;63;
502;Capelle aan den IJssel;Borstkanker 2022-2024;63;
1714;Sluis;Borstkanker 2022-2024;63;
213;Brummen;Baarmoederhalskanker 2024;62,9;
221;Doesburg;Baarmoederhalskanker 2024;62,9;
392;Haarlem;Darmkanker 2024;62,9;
1586;Oost Gelre;Baarmoederhalskanker 2024;62,9;
865;Vught;Baarmoederhalskanker 2024;62,9;
1991;Maashorst;Baarmoederhalskanker 2024;62,7;
1950;Westerwolde;Darmkanker 2024;62,7;
473;Zandvoort;Darmkanker 2024;62,7;
225;Druten;Baarmoederhalskanker 2024;62,6;
553;Lisse;Baarmoederhalskanker 2024;62,6;
622;Vlaardingen;Darmkanker 2024;62,6;
1896;Zwartewaterland;Baarmoederhalskanker 2024;62,6;
244;Hattem;Baarmoederhalskanker 2024;62,5;
917;Heerlen;Borstkanker 2022-2024;62,5;
119;Meppel;Baarmoederhalskanker 2024;62,5;
1926;Pijnacker-Nootdorp;Baarmoederhalskanker 2024;62,5;
34;Almere;Darmkanker 2024;62,4;
1652;Gemert-Bakel;Baarmoederhalskanker 2024;62,4;
757;Boxtel;Baarmoederhalskanker 2024;62,3;
736;De Ronde Venen;Baarmoederhalskanker 2024;62,3;
762;Deurne;Baarmoederhalskanker 2024;62,3;
1963;Hoeksche Waard;Baarmoederhalskanker 2024;62,3;
1700;Twenterand;Baarmoederhalskanker 2024;62,3;
160;Hardenberg;Baarmoederhalskanker 2024;62,2;
858;Valkenswaard;Baarmoederhalskanker 2024;62,2;
1948;Meierijstad;Baarmoederhalskanker 2024;62,1;
603;Rijswijk;Darmkanker 2024;62,1;
986;Voerendaal;Baarmoederhalskanker 2024;62,1;
1969;Westerkwartier;Baarmoederhalskanker 2024;62,1;
317;Eemnes;Baarmoederhalskanker 2024;62;
779;Geertruidenberg;Baarmoederhalskanker 2024;62;
158;Haaksbergen;Baarmoederhalskanker 2024;62;
840;Rucphen;Baarmoederhalskanker 2024;61,9;
384;Diemen;Darmkanker 2024;61,8;
995;Lelystad;Borstkanker 2022-2024;61,8;
1681;Borger-Odoorn;Baarmoederhalskanker 2024;61,7;
928;Kerkrade;Borstkanker 2022-2024;61,7;
417;Laren;Baarmoederhalskanker 2024;61,7;
184;Urk;Darmkanker 2024;61,7;
917;Heerlen;Darmkanker 2024;61,6;
1640;Leudal;Baarmoederhalskanker 2024;61,6;
765;Pekela;Darmkanker 2024;61,6;
606;Schiedam;Borstkanker 2022-2024;61,6;
1859;Berkelland;Baarmoederhalskanker 2024;61,5;
569;Nieuwkoop;Baarmoederhalskanker 2024;61,5;
737;Tytsjerksteradiel;Baarmoederhalskanker 2024;61,5;
1696;Wijdemeren;Baarmoederhalskanker 2024;61,5;
168;Losser;Baarmoederhalskanker 2024;61,3;
1641;Maasgouw;Baarmoederhalskanker 2024;61,2;
852;Waterland;Baarmoederhalskanker 2024;61,2;
1621;Lansingerland;Baarmoederhalskanker 2024;61,1;
60;Ameland;Baarmoederhalskanker 2024;61;
1940;De Fryske Marren;Baarmoederhalskanker 2024;61;
232;Epe;Baarmoederhalskanker 2024;61;
397;Heemstede;Baarmoederhalskanker 2024;61;
1931;Krimpenerwaard;Baarmoederhalskanker 2024;61;
1955;Montferland;Baarmoederhalskanker 2024;61;
1900;SÃºdwest-FryslÃ¢n;Baarmoederhalskanker 2024;61;
344;Utrecht;Borstkanker 2022-2024;61;
880;Wormerland;Baarmoederhalskanker 2024;61;
313;Bunschoten;Baarmoederhalskanker 2024;60,9;
766;Dongen;Baarmoederhalskanker 2024;60,9;
626;Voorschoten;Baarmoederhalskanker 2024;60,9;
1680;Aa en Hunze;Baarmoederhalskanker 2024;60,8;
246;Heerde;Baarmoederhalskanker 2024;60,8;
547;Leiderdorp;Baarmoederhalskanker 2024;60,8;
299;Zevenaar;Baarmoederhalskanker 2024;60,8;
72;Harlingen;Baarmoederhalskanker 2024;60,7;
267;Nijkerk;Baarmoederhalskanker 2024;60,6;
294;Winterswijk;Baarmoederhalskanker 2024;60,5;
344;Utrecht;Darmkanker 2024;60,3;
243;Harderwijk;Baarmoederhalskanker 2024;60,2;
86;Opsterland;Baarmoederhalskanker 2024;60,2;
193;Zwolle;Baarmoederhalskanker 2024;60,2;
1954;Beekdaelen;Baarmoederhalskanker 2024;60,1;
498;Drechterland;Baarmoederhalskanker 2024;60,1;
74;Heerenveen;Baarmoederhalskanker 2024;60,1;
327;Leusden;Baarmoederhalskanker 2024;60,1;
809;Loon op Zand;Baarmoederhalskanker 2024;60,1;
1731;Midden-Drenthe;Baarmoederhalskanker 2024;60,1;
632;Woerden;Baarmoederhalskanker 2024;60,1;
743;Asten;Baarmoederhalskanker 2024;60;
118;Hoogeveen;Baarmoederhalskanker 2024;60;
866;Waalre;Baarmoederhalskanker 2024;60;
226;Duiven;Baarmoederhalskanker 2024;59,9;
353;IJsselstein;Baarmoederhalskanker 2024;59,9;
268;Nijmegen;Baarmoederhalskanker 2024;59,9;
1970;Noardeast-FryslÃ¢n;Baarmoederhalskanker 2024;59,9;
531;Hendrik-Ido-Ambacht;Baarmoederhalskanker 2024;59,8;
173;Oldenzaal;Baarmoederhalskanker 2024;59,8;
848;Son en Breugel;Baarmoederhalskanker 2024;59,8;
106;Assen;Baarmoederhalskanker 2024;59,7;
1655;Halderberge;Baarmoederhalskanker 2024;59,7;
797;Heusden;Baarmoederhalskanker 2024;59,7;
537;Katwijk;Baarmoederhalskanker 2024;59,7;
1942;Gooise Meren;Baarmoederhalskanker 2024;59,6;
1709;Moerdijk;Baarmoederhalskanker 2024;59,6;
269;Oldebroek;Baarmoederhalskanker 2024;59,6;
1581;Utrechtse Heuvelrug;Baarmoederhalskanker 2024;59,6;
1721;Bernheze;Baarmoederhalskanker 2024;59,5;
606;Schiedam;Darmkanker 2024;59,5;
1701;Westerveld;Baarmoederhalskanker 2024;59,5;
1891;Dantumadiel;Baarmoederhalskanker 2024;59,4;
489;Barendrecht;Baarmoederhalskanker 2024;59,3;
654;Borsele;Baarmoederhalskanker 2024;59,3;
331;Lopik;Baarmoederhalskanker 2024;59,3;
301;Zutphen;Baarmoederhalskanker 2024;59,3;
796;s-Hertogenbosch;Baarmoederhalskanker 2024;59,2;
753;Best;Baarmoederhalskanker 2024;59,1;
233;Ermelo;Baarmoederhalskanker 2024;59,1;
534;Hillegom;Baarmoederhalskanker 2024;59,1;
222;Doetinchem;Baarmoederhalskanker 2024;59;
678;Kapelle;Baarmoederhalskanker 2024;59;
995;Lelystad;Darmkanker 2024;59;
175;Ommen;Baarmoederhalskanker 2024;59;
532;Stede Broec;Baarmoederhalskanker 2024;59;
1708;Steenwijkerland;Baarmoederhalskanker 2024;59;
308;Baarn;Baarmoederhalskanker 2024;58,9;
373;Bergen (NH);Baarmoederhalskanker 2024;58,9;
861;Veldhoven;Baarmoederhalskanker 2024;58,9;
109;Coevorden;Baarmoederhalskanker 2024;58,8;
150;Deventer;Baarmoederhalskanker 2024;58,8;
1711;Echt-Susteren;Baarmoederhalskanker 2024;58,8;
396;Heemskerk;Baarmoederhalskanker 2024;58,8;
1966;Het Hogeland;Baarmoederhalskanker 2024;58,8;
166;Kampen;Baarmoederhalskanker 2024;58,8;
928;Kerkrade;Darmkanker 2024;58,8;
1669;Roerdalen;Baarmoederhalskanker 2024;58,8;
1724;Bergeijk;Baarmoederhalskanker 2024;58,7;
216;Culemborg;Baarmoederhalskanker 2024;58,7;
590;Papendrecht;Baarmoederhalskanker 2024;58,7;
307;Amersfoort;Baarmoederhalskanker 2024;58,6;
1901;Bodegraven-Reeuwijk;Baarmoederhalskanker 2024;58,6;
777;Etten-Leur;Baarmoederhalskanker 2024;58,6;
448;Texel;Baarmoederhalskanker 2024;58,6;
203;Barneveld;Baarmoederhalskanker 2024;58,5;
1771;Geldrop-Mierlo;Baarmoederhalskanker 2024;58,5;
302;Nunspeet;Baarmoederhalskanker 2024;58,5;
889;Beesel;Baarmoederhalskanker 2024;58,4;
342;Soest;Baarmoederhalskanker 2024;58,4;
1892;Zuidplas;Baarmoederhalskanker 2024;58,4;
85;Ooststellingwerf;Baarmoederhalskanker 2024;58,3;
984;Venray;Baarmoederhalskanker 2024;58,3;
664;Goes;Baarmoederhalskanker 2024;58,2;
274;Renkum;Baarmoederhalskanker 2024;58,2;
484;Alphen aan den Rijn;Baarmoederhalskanker 2024;58,1;
431;Oostzaan;Baarmoederhalskanker 2024;58,1;
599;Rotterdam;Borstkanker 2022-2024;58,1;
1992;Voorne aan Zee;Baarmoederhalskanker 2024;58,1;
613;Albrandswaard;Baarmoederhalskanker 2024;57,9;
1980;Dijk en Waard;Baarmoederhalskanker 2024;57,9;
228;Ede;Baarmoederhalskanker 2024;57,9;
1978;Molenlanden;Baarmoederhalskanker 2024;57,9;
1676;Schouwen-Duiveland;Baarmoederhalskanker 2024;57,9;
579;Oegstgeest;Baarmoederhalskanker 2024;57,8;
361;Alkmaar;Baarmoederhalskanker 2024;57,7;
523;Hardinxveld-Giessendam;Baarmoederhalskanker 2024;57,7;
405;Hoorn;Baarmoederhalskanker 2024;57,7;
275;Rheden;Baarmoederhalskanker 2024;57,7;
441;Schagen;Baarmoederhalskanker 2024;57,7;
717;Veere;Baarmoederhalskanker 2024;57,7;
1961;Vijfheerenlanden;Baarmoederhalskanker 2024;57,7;
1924;Goeree-Overflakkee;Baarmoederhalskanker 2024;57,6;
432;Opmeer;Baarmoederhalskanker 2024;57,6;
826;Oosterhout;Baarmoederhalskanker 2024;57,5;
90;Smallingerland;Baarmoederhalskanker 2024;57,5;
1904;Stichtse Vecht;Baarmoederhalskanker 2024;57,5;
47;Veendam;Baarmoederhalskanker 2024;57,5;
453;Velsen;Baarmoederhalskanker 2024;57,5;
888;Beek;Baarmoederhalskanker 2024;57,4;
214;Buren;Baarmoederhalskanker 2024;57,4;
1719;Drimmelen;Baarmoederhalskanker 2024;57,4;
415;Landsmeer;Baarmoederhalskanker 2024;57,3;
575;Noordwijk;Baarmoederhalskanker 2024;57,3;
310;De Bilt;Baarmoederhalskanker 2024;57,2;
828;Oss;Baarmoederhalskanker 2024;57,2;
164;Hengelo (O);Baarmoederhalskanker 2024;57,1;
946;Nederweert;Baarmoederhalskanker 2024;57,1;
340;Rhenen;Baarmoederhalskanker 2024;57,1;
351;Woudenberg;Baarmoederhalskanker 2024;57,1;
994;Valkenburg aan de Geul;Baarmoederhalskanker 2024;57;
758;Breda;Baarmoederhalskanker 2024;56,9;
114;Emmen;Baarmoederhalskanker 2024;56,9;
907;Gennep;Baarmoederhalskanker 2024;56,9;
542;Krimpen aan den IJssel;Baarmoederhalskanker 2024;56,9;
339;Renswoude;Baarmoederhalskanker 2024;56,9;
345;Veenendaal;Baarmoederhalskanker 2024;56,9;
406;Huizen;Baarmoederhalskanker 2024;56,8;
824;Oisterwijk;Baarmoederhalskanker 2024;56,8;
355;Zeist;Baarmoederhalskanker 2024;56,8;
200;Apeldoorn;Baarmoederhalskanker 2024;56,7;
899;Brunssum;Baarmoederhalskanker 2024;56,7;
1979;Eemsdelta;Baarmoederhalskanker 2024;56,7;
597;Ridderkerk;Baarmoederhalskanker 2024;56,7;
879;Zundert;Baarmoederhalskanker 2024;56,7;
1740;Neder-Betuwe;Baarmoederhalskanker 2024;56,6;
1949;Waadhoeke;Baarmoederhalskanker 2024;56,6;
230;Elburg;Baarmoederhalskanker 2024;56,5;
14;Groningen;Baarmoederhalskanker 2024;56,5;
1895;Oldambt;Baarmoederhalskanker 2024;56,5;
482;Alblasserdam;Baarmoederhalskanker 2024;56,4;
518;s-Gravenhage;Borstkanker 2022-2024;56,4;
981;Vaals;Darmkanker 2024;56,3;
687;Middelburg;Baarmoederhalskanker 2024;56,2;
437;Ouder-Amstel;Baarmoederhalskanker 2024;56,2;
184;Urk;Borstkanker 2022-2024;56,2;
59;Achtkarspelen;Baarmoederhalskanker 2024;56,1;
1883;Sittard-Geleen;Baarmoederhalskanker 2024;56,1;
363;Amsterdam;Borstkanker 2022-2024;56;
388;Enkhuizen;Baarmoederhalskanker 2024;56;
98;Weststellingwerf;Baarmoederhalskanker 2024;56;
882;Landgraaf;Baarmoederhalskanker 2024;55,9;
988;Weert;Baarmoederhalskanker 2024;55,9;
716;Tholen;Baarmoederhalskanker 2024;55,8;
1959;Altena;Baarmoederhalskanker 2024;55,6;
627;Waddinxveen;Baarmoederhalskanker 2024;55,6;
1960;West Betuwe;Baarmoederhalskanker 2024;55,4;
376;Blaricum;Baarmoederhalskanker 2024;55,3;
599;Rotterdam;Darmkanker 2024;55,3;
851;Steenbergen;Baarmoederhalskanker 2024;55,3;
512;Gorinchem;Baarmoederhalskanker 2024;55,1;
1952;Midden-Groningen;Baarmoederhalskanker 2024;55;
277;Rozendaal;Baarmoederhalskanker 2024;55;
518;s-Gravenhage;Darmkanker 2024;54,8;
80;Leeuwarden;Baarmoederhalskanker 2024;54,6;
363;Amsterdam;Darmkanker 2024;54,5;
439;Purmerend;Baarmoederhalskanker 2024;54,4;
344;Utrecht;Baarmoederhalskanker 2024;54,2;
981;Vaals;Borstkanker 2022-2024;54,1;
263;Maasdriel;Baarmoederhalskanker 2024;54;
642;Zwijndrecht;Baarmoederhalskanker 2024;54;
400;Den Helder;Baarmoederhalskanker 2024;53,9;
1783;Westland;Baarmoederhalskanker 2024;53,8;
153;Enschede;Baarmoederhalskanker 2024;53,7;
420;Medemblik;Baarmoederhalskanker 2024;53,7;
556;Maassluis;Baarmoederhalskanker 2024;53,4;
546;Leiden;Baarmoederhalskanker 2024;53,3;
637;Zoetermeer;Baarmoederhalskanker 2024;53,3;
513;Gouda;Baarmoederhalskanker 2024;53,2;
392;Haarlem;Baarmoederhalskanker 2024;53,2;
610;Sliedrecht;Baarmoederhalskanker 2024;53,2;
37;Stadskanaal;Baarmoederhalskanker 2024;53,1;
748;Bergen op Zoom;Baarmoederhalskanker 2024;52,9;
202;Arnhem;Baarmoederhalskanker 2024;52,8;
1930;Nissewaard;Baarmoederhalskanker 2024;52,7;
1916;Leidschendam-Voorburg;Baarmoederhalskanker 2024;52,6;
356;Nieuwegein;Baarmoederhalskanker 2024;52,6;
855;Tilburg;Baarmoederhalskanker 2024;52,6;
744;Baarle-Nassau;Baarmoederhalskanker 2024;52,5;
1674;Roosendaal;Baarmoederhalskanker 2024;52,5;
794;Helmond;Baarmoederhalskanker 2024;52,4;
1507;Horst aan de Maas;Baarmoederhalskanker 2024;52,2;
1894;Peel en Maas;Baarmoederhalskanker 2024;52,2;
983;Venlo;Baarmoederhalskanker 2024;52,1;
141;Almelo;Baarmoederhalskanker 2024;52;
303;Dronten;Baarmoederhalskanker 2024;51,8;
1598;Koggenland;Baarmoederhalskanker 2024;51,7;
867;Waalwijk;Baarmoederhalskanker 2024;51,7;
180;Staphorst;Baarmoederhalskanker 2024;51,6;
394;Haarlemmermeer;Baarmoederhalskanker 2024;51,5;
50;Zeewolde;Baarmoederhalskanker 2024;51,4;
1911;Hollands Kroon;Baarmoederhalskanker 2024;51,2;
402;Hilversum;Baarmoederhalskanker 2024;51,1;
873;Woensdrecht;Baarmoederhalskanker 2024;51,1;
765;Pekela;Baarmoederhalskanker 2024;50,9;
703;Reimerswaal;Baarmoederhalskanker 2024;50,8;
281;Tiel;Baarmoederhalskanker 2024;50,8;
473;Zandvoort;Baarmoederhalskanker 2024;50,8;
93;Terschelling;Baarmoederhalskanker 2024;50,5;
171;Noordoostpolder;Baarmoederhalskanker 2024;50,4;
957;Roermond;Baarmoederhalskanker 2024;50,4;
718;Vlissingen;Baarmoederhalskanker 2024;50,4;
297;Zaltbommel;Baarmoederhalskanker 2024;50,4;
375;Beverwijk;Baarmoederhalskanker 2024;50,3;
677;Hulst;Baarmoederhalskanker 2024;50,2;
505;Dordrecht;Baarmoederhalskanker 2024;49,7;
1695;Noord-Beveland;Baarmoederhalskanker 2024;49,7;
935;Maastricht;Baarmoederhalskanker 2024;49,6;
358;Aalsmeer;Baarmoederhalskanker 2024;49,5;
603;Rijswijk;Baarmoederhalskanker 2024;49,2;
479;Zaanstad;Baarmoederhalskanker 2024;49,1;
784;Gilze en Rijen;Baarmoederhalskanker 2024;48,8;
289;Wageningen;Baarmoederhalskanker 2024;48,8;
1714;Sluis;Baarmoederhalskanker 2024;48,7;
384;Diemen;Baarmoederhalskanker 2024;48,6;
503;Delft;Baarmoederhalskanker 2024;48,4;
451;Uithoorn;Baarmoederhalskanker 2024;48,4;
502;Capelle aan den IJssel;Baarmoederhalskanker 2024;48,3;
772;Eindhoven;Baarmoederhalskanker 2024;48,3;
629;Wassenaar;Baarmoederhalskanker 2024;48;
917;Heerlen;Baarmoederhalskanker 2024;47,8;
622;Vlaardingen;Baarmoederhalskanker 2024;46,9;
184;Urk;Baarmoederhalskanker 2024;46,8;
715;Terneuzen;Baarmoederhalskanker 2024;46;
34;Almere;Baarmoederhalskanker 2024;45,4;
606;Schiedam;Baarmoederhalskanker 2024;45,2;
88;Schiermonnikoog;Baarmoederhalskanker 2024;45,2;
995;Lelystad;Baarmoederhalskanker 2024;45,1;
363;Amsterdam;Baarmoederhalskanker 2024;44,4;
928;Kerkrade;Baarmoederhalskanker 2024;43,3;
362;Amstelveen;Baarmoederhalskanker 2024;42,6;
599;Rotterdam;Baarmoederhalskanker 2024;42,6;
96;Vlieland;Baarmoederhalskanker 2024;42,6;
518;s-Gravenhage;Baarmoederhalskanker 2024;40,6;
1950;Westerwolde;Baarmoederhalskanker 2024;40,1;
1706;Cranendonck;Baarmoederhalskanker 2024;38,5;
981;Vaals;Baarmoederhalskanker 2024;34,3;